<?xml version="1.0" encoding="utf-8"?>

<!DOCTYPE urlrewrite
    PUBLIC "-//tuckey.org//DTD UrlRewrite 4.0//EN"
    "http://www.tuckey.org/res/dtds/urlrewrite4.0.dtd">


<urlrewrite>
    <!-- Ignore requests with suffix file names -->
    <rule>
        <name>Ignore file, non-jsp and non-query requests</name>
        <condition type="request-uri" next="or">^/twigkit/.*</condition>
        <from>.*</from>
        <to last="true">$0</to>
    </rule>

    <rule>
        <from>^/login/</from>
        <to last="true">/login.jsp</to>
    </rule>

    <rule>
        <from>^/login</from>
        <to last="true">/login.jsp</to>
    </rule>

    <rule match-type="wildcard">
        <name>Ignore files on URL path.</name>
        <from>/**.*</from>
        <to last="true">/$0</to>
    </rule>

    <rule match-type="wildcard">
        <name>HTML 5 URL Rewrite</name>
        <from>/**</from>
        <to last="true">/index.jsp</to>
    </rule>
</urlrewrite>
